City,Country,Lat,Lon,Date,Humidity,Max Temp,Wind Speed,Cloudiness
zhezkazgan,kz,47.78,67.77,2017-09-15 03:32:08,76,49.91,3.6,0
amderma,ru,69.75,61.65,2017-09-15 03:32:09,88,35.33,10.98,0
rikitea,pf,-23.12,-134.97,2017-09-15 03:32:09,100,71.24,7.96,92
jamestown,sh,42.1,-79.24,2017-09-15 02:56:00,100,60.8,4.7,1
geraldton,ca,-28.77,114.6,2017-09-15 03:00:00,44,77,8.05,0
luanda,ao,-8.84,13.23,2017-09-15 03:00:00,94,69.8,2.24,75
walvis bay,na,-22.96,14.51,2017-09-15 03:00:00,81,53.6,6.93,56
saint-augustin,ca,51.23,-58.65,2017-09-15 03:30:33,98,51.35,12.66,0
sao miguel do araguaia,br,-13.28,-50.16,2017-09-15 03:32:10,64,70.97,2.59,0
illoqqortoormiut,gl,41.9,12.49,2017-09-15 02:55:00,88,69.8,4.7,40
arraial do cabo,br,-22.97,-42.03,2017-09-15 03:32:11,87,71.15,23.06,0
provideniya,ru,64.38,-173.3,2017-09-15 03:00:00,60,42.8,8.95,0
ushuaia,ar,-54.8,-68.3,2017-09-15 03:00:00,80,33.8,21.94,75
chenzhou,cn,25.8,113.03,2017-09-15 03:32:11,75,77.63,5.84,0
yellowknife,ca,62.46,-114.35,2017-09-15 03:00:00,87,42.8,5.82,75
vaini,to,-21.2,-175.2,2017-09-15 03:00:00,64,75.2,5.82,20
mys shmidta,ru,47.75,38.03,2017-09-15 03:32:12,74,54.23,5.84,0
homer,us,59.64,-151.55,2017-09-15 02:53:00,81,53.6,9.42,75
brae,gb,60.4,-1.35,2017-09-15 02:50:00,87,50,13.87,92
lebu,cl,-37.62,-73.65,2017-09-15 03:32:13,100,49.46,21.83,8
rawannawi,ki,28.82,79.03,2017-09-15 03:32:13,90,82.76,4.5,44
zavyalovo,ru,56.85,53.23,2017-09-15 03:32:14,75,56.66,9.31,76
fort nelson,ca,58.81,-122.7,2017-09-15 03:00:00,76,51.8,4.27,5
saint-pierre,pm,-21.34,55.48,2017-09-15 03:00:00,59,69.8,4.7,0
markova,ru,48.68,24.41,2017-09-15 03:00:00,100,53.6,8.95,90
cape town,za,-33.93,18.42,2017-09-15 03:00:00,62,59,20.8,0
punta arenas,cl,-53.15,-70.92,2017-09-15 03:00:00,86,41,40.26,75
hilo,us,19.73,-155.09,2017-09-15 02:56:00,61,82.4,8.05,1
vila franca do campo,pt,37.72,-25.43,2017-09-15 03:00:00,73,73.4,11.41,75
presidencia roque saenz pena,ar,-26.79,-60.44,2017-09-15 03:32:16,94,55.49,4.38,12
salalah,om,17.02,54.09,2017-09-15 02:50:00,78,78.8,4.7,75
kostolac,rs,44.65,21.08,2017-09-15 03:00:00,71,59,11.41,0
puerto del rosario,es,28.5,-13.86,2017-09-15 03:00:00,73,75.2,14.99,0
carauari,br,-4.88,-66.9,2017-09-15 03:32:17,81,80.51,2.71,0
hermanus,za,-34.42,19.23,2017-09-15 03:32:17,95,43.25,4.72,44
saint-philippe,re,-21.36,55.77,2017-09-15 03:00:00,59,69.8,4.7,0
bonavista,ca,48.65,-53.11,2017-09-15 03:32:17,93,57.38,12.77,36
khatanga,ru,71.97,102.5,2017-09-15 03:32:18,85,43.43,10.98,0
busselton,au,-33.65,115.33,2017-09-15 03:32:18,89,65.03,13.44,0
mataura,pf,27.5,77.68,2017-09-15 03:32:18,82,83.21,4.5,44
haines junction,ca,60.75,-137.51,2017-09-15 03:32:18,54,46.31,2.59,80
ostrovnoy,ru,68.05,39.51,2017-09-15 03:32:19,100,40.28,18.48,92
vaitupu,wf,-17.8,-63.17,2017-09-15 03:00:00,78,78.8,5.82,40
hithadhoo,mv,-0.6,73.08,2017-09-15 03:32:19,100,81.86,4.5,88
kavaratti,in,10.57,72.64,2017-09-15 03:32:19,100,80.87,13.67,92
huarmey,pe,-10.07,-78.15,2017-09-15 03:32:19,88,53.78,3.38,36
clearwater,us,27.97,-82.8,2017-09-15 03:15:00,94,82.4,4.94,1
muros,es,42.78,-9.06,2017-09-15 03:00:00,93,48.2,1.12,40
sorong,id,-0.88,131.25,2017-09-15 03:32:20,100,81.77,5.28,20
narsaq,gl,60.92,-46.05,2017-09-15 02:50:00,93,51.8,2.24,92
bengkulu,id,-3.8,102.27,2017-09-15 03:32:50,100,74.39,2.93,92
bethel,us,41.37,-73.41,2017-09-15 03:11:00,100,73.4,1.48,1
awbari,ly,26.59,12.78,2017-09-15 03:32:51,40,67.28,5.17,0
sterling,us,39.01,-77.43,2017-09-15 03:06:00,83,71.6,3.36,75
larsnes,no,62.2,5.58,2017-09-15 02:50:00,93,53.6,4.7,92
portland,au,45.52,-122.68,2017-09-15 02:56:00,45,68,3.36,75
ribeira grande,pt,38.52,-28.7,2017-09-15 03:32:52,100,72.23,20.38,100
cidreira,br,-30.18,-50.21,2017-09-15 03:32:52,98,61.34,12.66,92
tsihombe,mg,-25.3,45.48,2017-09-15 03:32:52,97,67.19,5.5,92
faanui,pf,-16.48,-151.75,2017-09-15 03:32:52,100,79.61,16.02,32
bartica,gy,6.4,-58.62,2017-09-15 03:00:00,94,77,4.7,0
achisay,kz,43.55,68.89,2017-09-15 03:32:53,60,49.01,4.38,0
inderborskiy,kz,48.55,51.78,2017-09-15 03:32:53,96,59.81,6.06,0
arica,cl,-18.48,-70.3,2017-09-15 03:00:00,72,59,3.36,90
carnarvon,au,-24.87,113.63,2017-09-15 03:32:53,65,76.37,5.17,12
ponta do sol,cv,32.67,-17.1,2017-09-15 03:00:00,64,71.6,25.28,20
kolvereid,no,64.87,11.6,2017-09-15 03:32:54,100,51.53,2.37,92
alofi,nu,-19.06,-169.92,2017-09-15 03:00:00,78,77,13.87,75
dmytrivka,ua,45.97,28.99,2017-09-15 03:32:09,92,59.09,6.62,0
bandiagara,ml,14.35,-3.61,2017-09-15 03:00:00,83,82.4,4.7,0
torbay,ca,47.67,-52.73,2017-09-15 03:00:00,93,57.2,10.29,5
keningau,my,5.34,116.16,2017-09-15 03:00:00,70,89.6,4.7,75
amapa,br,0.04,-51.07,2017-09-15 03:00:00,83,82.4,9.17,75
vienna,at,48.21,16.37,2017-09-15 03:00:00,54,57.2,10.29,0
nijar,es,36.97,-2.21,2017-09-15 03:00:00,88,69.8,3.71,20
talnakh,ru,69.49,88.4,2017-09-15 03:32:56,100,36.23,7.63,92
bandarbeyla,so,9.49,50.81,2017-09-15 03:32:56,92,78.35,21.27,8
albany,au,42.65,-73.76,2017-09-15 02:54:00,83,69.8,4.7,75
kununurra,au,-15.77,128.73,2017-09-15 03:00:00,8,89.6,11.41,0
krasnoselkup,ru,65.7,82.47,2017-09-15 03:32:57,96,36.86,5.39,76
panaba,mx,21.28,-88.27,2017-09-15 03:32:57,92,77.09,3.15,56
nikolskoye,ru,59.68,30.67,2017-09-15 03:00:00,87,51.8,15.66,0
fortuna,us,40.6,-124.16,2017-09-15 02:55:00,93,55.4,8.05,75
belushya guba,ru,69.71,60.05,2017-09-15 03:32:58,100,38.21,19.15,0
atuona,pf,-9.8,-139.03,2017-09-15 03:32:58,100,80.33,19.82,0
butaritari,ki,3.07,172.79,2017-09-15 03:32:59,100,81.68,10.98,32
port hedland,au,-20.32,118.57,2017-09-15 03:00:00,12,96.8,16.11,0
lavrentiya,ru,65.58,-171,2017-09-15 03:32:59,96,41.99,23.96,92
belaya gora,ru,68.53,146.42,2017-09-15 03:33:00,84,34.07,5.28,56
lagoa,pt,39.05,-27.98,2017-09-15 03:33:00,100,73.67,18.7,48
taolanaro,mg,-25.02,46.97,2017-09-15 03:00:00,73,71.6,21.92,40
isangel,vu,-19.55,169.27,2017-09-15 03:33:00,99,74.93,11.1,0
islamkot,pk,24.7,70.18,2017-09-15 03:33:01,80,79.43,6.4,0
cherskiy,ru,68.75,161.3,2017-09-15 03:33:01,96,35.69,6.17,88
comodoro rivadavia,ar,-45.87,-67.5,2017-09-15 03:00:00,42,48.2,19.46,0
hambantota,lk,6.12,81.12,2017-09-15 03:33:02,100,79.34,13.78,92
jonuta,mx,18.08,-92.13,2017-09-15 03:33:02,92,76.91,7.18,68
sao jose da coroa grande,br,-8.9,-35.15,2017-09-15 03:33:03,100,71.96,12.55,92
longyearbyen,sj,78.22,15.64,2017-09-15 02:50:00,64,35.6,12.75,75
jardim,br,-21.48,-56.14,2017-09-15 03:33:03,47,75.65,5.61,0
monrovia,lr,6.3,-10.8,2017-09-15 02:00:00,94,77,9.98,75
nikolsk,ru,53.72,46.07,2017-09-15 03:33:34,77,54.77,6.4,0
kunya,ru,-1.28,36.82,2017-09-15 03:00:00,77,60.8,4.7,75
severo-kurilsk,ru,50.68,156.12,2017-09-15 03:33:34,83,50.99,13.44,0
karasjok,no,69.47,25.51,2017-09-15 02:50:00,86,41,19.46,90
kosikha,ru,53.36,84.58,2017-09-15 03:33:34,75,49.46,9.42,64
grand river south east,mu,-20.29,57.78,2017-09-15 03:00:00,64,69.8,5.82,75
tasiilaq,gl,65.61,-37.64,2017-09-15 02:50:00,86,39.2,3.36,92
puerto ayora,ec,-0.74,-90.35,2017-09-15 03:33:35,99,67.19,12.88,8
lolua,tv,60.17,24.94,2017-09-15 02:50:00,93,53.6,9.17,75
khonuu,ru,64.57,143.2,2017-09-15 03:33:35,60,40.01,2.59,0
gasa,bt,27.9,89.73,2017-09-15 03:33:35,82,37.76,1.92,0
luderitz,na,-26.65,15.16,2017-09-15 03:00:00,87,51.8,4.7,0
hobart,au,-42.88,147.33,2017-09-15 03:00:00,58,57.2,16.11,75
tari,pg,26.7,88.43,2017-09-15 03:31:09,91,73.94,1.36,0
bambous virieux,mu,-20.34,57.76,2017-09-15 03:00:00,64,69.8,5.82,75
juneau,us,58.3,-134.42,2017-09-15 02:56:00,81,51.8,3.36,90
megion,ru,61.03,76.11,2017-09-15 03:00:00,93,41,8.95,40
pafos,cy,34.77,32.42,2017-09-15 03:00:00,82,75.2,8.05,0
belyy yar,ru,53.6,91.39,2017-09-15 03:00:00,81,46.4,8.95,0
barrow,us,71.29,-156.79,2017-09-15 02:53:00,93,39.2,5.82,90
bredasdorp,za,-34.53,20.04,2017-09-15 03:00:00,87,51.8,1.12,88
bubaque,gw,11.28,-15.83,2017-09-15 03:33:38,100,80.87,8.63,0
bondo,cd,3.81,23.69,2017-09-15 03:33:38,98,70.07,2.37,88
east london,za,-33.02,27.91,2017-09-15 03:00:00,87,59,8.05,75
okakarara,na,-20.58,17.43,2017-09-15 03:33:38,44,56.75,5.84,0
cabo san lucas,mx,22.89,-109.91,2017-09-15 02:45:00,69,82.4,10.29,20
rafai,cf,4.95,23.92,2017-09-15 03:33:39,97,70.61,3.71,44
grindavik,is,63.84,-22.43,2017-09-15 03:00:00,87,48.2,8.05,75
shubarshi,kz,48.59,57.19,2017-09-15 03:33:39,51,58.64,13.22,12
sundsvall,se,62.39,17.31,2017-09-15 02:50:00,93,50,8.05,32
saryshagan,kz,46.12,73.62,2017-09-15 03:33:40,100,61.61,12.88,0
yanliang,cn,34.66,109.23,2017-09-15 03:00:00,64,75.2,11.18,76
abong mbang,cm,3.98,13.18,2017-09-15 03:33:41,95,66.47,3.38,88
victoria,sc,48.43,-123.37,2017-09-15 03:00:00,29,66.2,5.82,5
ilulissat,gl,69.22,-51.1,2017-09-15 02:50:00,93,37.4,6.51,80
calabozo,ve,8.92,-67.43,2017-09-15 03:33:41,91,76.01,5.39,20
ukiah,us,39.15,-123.21,2017-09-15 02:56:00,39,64.4,9.17,1
caravelas,br,-17.71,-39.25,2017-09-15 03:33:42,100,74.57,14,88
leningradskiy,ru,69.38,178.42,2017-09-15 03:33:42,100,35.06,21.61,92
margate,za,51.38,1.39,2017-09-15 03:20:00,81,46.4,8.05,0
felidhoo,mv,2.92,73.57,2017-09-15 03:33:43,100,81.14,11.99,88
kushmurun,kz,23.22,87.52,2017-09-15 03:33:43,92,85.55,4.61,0
thompson,ca,55.74,-97.86,2017-09-15 03:00:00,91,35.6,3.36,20
tuktoyaktuk,ca,69.45,-133.04,2017-09-15 03:00:00,93,48.2,5.82,40
kuche,cn,6.3,36.88,2017-09-15 03:33:44,98,61.34,2.15,92
palabuhanratu,id,-6.95,106.49,2017-09-15 03:33:44,99,79.07,18.7,0
lovozero,ru,68,35.01,2017-09-15 03:33:44,100,42.26,7.96,92
la ronge,ca,55.1,-105.28,2017-09-15 03:00:00,93,42.8,6.62,75
iqaluit,ca,63.75,-68.51,2017-09-15 03:00:00,80,41,5.82,90
baft,ir,29.28,56.8,2017-09-15 03:34:15,57,38.75,1.81,0
kirakira,sb,-10.45,161.92,2017-09-15 03:34:15,100,82.31,19.15,48
waddan,ly,29.16,16.14,2017-09-15 03:34:15,63,62.33,4.16,0
savelugu,gh,9.62,-0.83,2017-09-15 03:34:16,81,78.44,7.29,8
upernavik,gl,72.79,-56.15,2017-09-15 03:34:16,100,36.59,11.77,88
coolum beach,au,-26.53,153.1,2017-09-15 03:34:16,59,69.71,3.94,0
makakilo city,us,21.35,-158.09,2017-09-15 02:58:00,54,84.2,8.05,75
vostok,ru,46.49,135.88,2017-09-15 03:34:17,83,55.67,2.93,12
berlevag,no,70.86,29.09,2017-09-15 02:50:00,81,42.8,18.34,90
kapaa,us,22.08,-159.32,2017-09-15 02:56:00,78,84.2,10.29,75
zaysan,kz,47.47,84.87,2017-09-15 03:34:17,54,53.24,3.6,0
petropavlovsk-kamchatskiy,ru,53.05,158.65,2017-09-15 03:00:00,62,55.4,11.18,40
vicuna,cl,-30.03,-70.71,2017-09-15 03:00:00,87,50,3.38,0
vila velha,br,-20.33,-40.29,2017-09-15 03:00:00,78,71.6,9.17,40
mareeba,au,-17,145.43,2017-09-15 03:00:00,51,82.4,25.28,75
tarakan,id,3.3,117.63,2017-09-15 03:34:18,91,84.2,2.71,32
rio gallegos,ar,-51.62,-69.22,2017-09-15 03:00:00,60,42.8,28.86,0
ancud,cl,-41.87,-73.82,2017-09-15 03:34:19,89,35.78,2.71,0
cape canaveral,us,28.41,-80.6,2017-09-15 03:14:00,83,82.4,8.05,75
samana,do,30.27,76.03,2017-09-15 03:34:19,86,80.33,4.5,0
meulaboh,id,4.14,96.13,2017-09-15 03:34:19,100,80.33,1.36,36
burlington,us,43.39,-79.84,2017-09-15 03:00:00,93,73.4,6.93,5
saint george,bm,37.1,-113.58,2017-09-15 02:56:00,56,71.6,3.15,1
znamenskoye,ru,57.13,73.83,2017-09-15 03:34:20,87,58.28,12.66,20
samalaeulu,ws,-15,24,2017-09-15 03:34:20,53,57.11,4.72,0
altay,cn,47.87,88.12,2017-09-15 03:34:21,43,46.13,1.92,0
totton,gb,50.92,-1.49,2017-09-15 02:50:00,93,46.4,4.7,12
tazovskiy,ru,67.47,78.7,2017-09-15 03:34:21,98,37.67,4.94,8
pangnirtung,ca,66.15,-65.71,2017-09-15 03:34:22,93,35.96,4.27,92
wajir,ke,1.75,40.06,2017-09-15 03:34:22,64,76.19,11.65,8
coahuayana,mx,18.73,-103.68,2017-09-15 03:00:00,94,71.6,2.93,40
lorengau,pg,-2.02,147.27,2017-09-15 03:00:00,74,84.2,4.7,75
nemencine,lt,54.85,25.48,2017-09-15 02:50:00,93,50,13.87,90
dzerzhinsk,by,56.24,43.46,2017-09-15 03:00:00,82,57.2,6.71,20
touros,br,-5.2,-35.46,2017-09-15 03:34:23,87,75.74,17.69,92
tucurui,br,-3.77,-49.67,2017-09-15 03:34:23,93,74.21,3.71,80
barentsburg,sj,52.62,8.8,2017-09-15 03:20:00,87,51.8,11.41,20
along,in,28.17,94.77,2017-09-15 03:34:24,76,77.36,1.14,0
aransas pass,us,27.91,-97.15,2017-09-15 02:57:00,78,82.4,10.42,1
darab,ir,28.75,54.54,2017-09-15 03:34:24,46,54.59,2.04,0
houston,ca,29.76,-95.36,2017-09-15 02:53:00,74,78.8,3.36,40
georgetown,sh,6.8,-58.16,2017-09-15 03:00:00,94,77,4.7,0
chokurdakh,ru,70.63,147.92,2017-09-15 03:34:24,86,36.86,10.42,80
fare,pf,-16.7,-151.02,2017-09-15 03:34:24,100,79.16,16.02,0
hervey bay,au,-25.28,152.85,2017-09-15 03:34:25,85,68.72,6.51,0
morondava,mg,-20.28,44.28,2017-09-15 03:34:25,100,66.02,3.38,64
oum hadjer,td,13.3,19.7,2017-09-15 03:34:25,78,74.93,3.6,32
izmalkovo,ru,52.69,37.96,2017-09-15 03:34:25,67,58.91,11.32,0
cockburn town,tc,21.46,-71.14,2017-09-15 03:33:30,100,82.31,9.19,12
nokaneng,bw,-19.67,22.27,2017-09-15 03:34:25,53,55.94,2.93,0
hamilton,bm,43.23,-79.95,2017-09-15 03:00:00,93,73.4,6.93,5
bathsheba,bb,13.22,-59.52,2017-09-15 03:00:00,88,80.6,10.29,75
samarinda,id,-0.5,117.15,2017-09-15 03:34:56,75,86.81,2.93,48
port elizabeth,za,-33.92,25.57,2017-09-15 03:15:00,93,50,2.24,40
avarua,ck,-21.21,-159.78,2017-09-15 03:00:00,69,80.6,5.82,40
rocha,uy,-34.48,-54.33,2017-09-15 03:34:57,92,48.47,7.4,0
isla vista,us,34.41,-119.86,2017-09-15 02:56:00,88,66.2,5.82,20
naze,jp,28.37,129.48,2017-09-15 03:00:00,74,87.8,16.11,75
lengshuitan,cn,26.41,111.6,2017-09-15 03:34:58,66,79.97,8.19,0
mayo,ca,38.89,-76.51,2017-09-15 03:18:00,83,75.2,3.36,90
quatre cocos,mu,-20.21,57.76,2017-09-15 03:00:00,64,69.8,5.82,75
ossora,ru,59.24,163.07,2017-09-15 03:34:59,100,42.17,6.96,76
seoul,kr,37.57,126.98,2017-09-15 03:00:00,41,80.6,10.29,20
saskylakh,ru,71.92,114.08,2017-09-15 03:34:59,100,34.97,7.63,8
mehran,ir,33.12,46.16,2017-09-15 03:00:00,17,66.2,4.7,0
arcata,us,40.87,-124.08,2017-09-15 02:55:00,100,55.4,4.7,75
komsomolskiy,ru,40.43,71.72,2017-09-15 03:00:00,37,69.8,4.7,0
bluff,nz,-46.6,168.33,2017-09-15 03:34:01,100,49.91,18.48,92
abu kamal,sy,30.06,31.25,2017-09-15 03:00:00,83,75.2,8.05,44
soyo,ao,-6.13,12.37,2017-09-15 03:30:43,97,70.34,3.6,76
port alfred,za,-33.59,26.89,2017-09-15 03:35:00,97,61.07,10.98,80
merauke,id,-8.47,140.33,2017-09-15 03:35:00,83,81.32,15.12,88
tongliao,cn,43.61,122.27,2017-09-15 03:35:00,72,66.2,10.98,88
port-cartier,ca,50.03,-66.87,2017-09-15 03:00:00,65,46.4,6.93,5
gushikawa,jp,26.35,127.87,2017-09-15 02:56:00,74,86,20.8,20
udachnyy,ru,66.42,112.4,2017-09-15 03:35:01,100,42.35,3.83,92
satitoa,ws,61.5,27.27,2017-09-15 03:20:00,93,51.8,2.24,90
pochutla,mx,15.73,-96.47,2017-09-15 03:34:59,100,81.86,6.62,56
airai,pw,25.35,82.47,2017-09-15 03:35:02,95,85.19,4.38,8
hami,cn,42.8,93.45,2017-09-15 03:34:03,41,70.97,3.38,24
black river,jm,18.03,-77.85,2017-09-15 03:00:00,79,84.2,3.36,20
chagda,ru,59.16,35.33,2017-09-15 03:35:04,87,50.99,9.64,88
chuy,uy,-33.7,-53.46,2017-09-15 03:35:04,92,54.86,11.21,0
ouahigouya,bf,13.58,-2.42,2017-09-15 03:35:05,81,72.14,2.71,0
port macquarie,au,-31.43,152.92,2017-09-15 03:00:00,25,73.4,13.87,0
saldanha,za,-33.01,17.94,2017-09-15 03:00:00,76,53.6,4.7,0
hualmay,pe,-11.1,-77.61,2017-09-15 03:35:05,100,54.32,5.06,56
hobyo,so,5.35,48.53,2017-09-15 03:35:05,85,75.83,18.03,8
sarakhs,ir,36.54,61.16,2017-09-15 03:00:00,53,64.4,2.24,0
viligili,mv,-14.56,30.81,2017-09-15 03:31:15,56,60.71,3.04,0
oktyabrskiy,ru,54.48,53.47,2017-09-15 03:35:06,92,57.02,5.95,0
tabou,ci,4.42,-7.35,2017-09-15 03:35:06,100,76.64,11.43,92
castro,cl,-24.79,-50.01,2017-09-15 03:35:07,68,60.62,3.94,12
san pedro,bz,14.35,121.02,2017-09-15 03:00:00,79,87.8,9.17,40
dunedin,nz,-45.87,170.5,2017-09-15 03:35:07,56,64.67,12.1,20
sao filipe,cv,14.9,-24.5,2017-09-15 03:35:07,100,79.34,10.65,64
asau,tv,46.43,26.4,2017-09-15 03:00:00,82,55.4,1.12,0
orange,us,33.79,-117.85,2017-09-15 02:58:00,72,69.8,6.93,20
new norfolk,au,-42.78,147.06,2017-09-15 03:00:00,58,57.2,16.11,75
tuatapere,nz,-46.13,167.68,2017-09-15 03:35:08,100,47.57,14.79,56
guerrero negro,mx,27.98,-114.06,2017-09-15 03:35:39,81,69.89,13.22,8
ust-kuyga,ru,70.02,135.6,2017-09-15 03:35:39,79,31.01,4.27,64
la romana,do,18.43,-68.97,2017-09-15 02:00:00,100,77,4.61,75
dikson,ru,73.51,80.55,2017-09-15 03:35:40,96,39.83,14.45,24
rawson,ar,-43.3,-65.1,2017-09-15 03:35:40,79,47.57,13.44,36
villa carlos paz,ar,-31.42,-64.5,2017-09-15 03:00:00,54,55.4,17.22,0
mahebourg,mu,-20.41,57.7,2017-09-15 03:00:00,64,69.8,5.82,75
trairi,br,-3.28,-39.27,2017-09-15 03:35:41,98,80.42,26.19,0
itarema,br,-2.88,-39.95,2017-09-15 03:35:41,75,78.89,16.24,0
aykhal,ru,66,111.5,2017-09-15 03:35:41,100,42.35,4.72,88
la paz,mx,-16.5,-68.15,2017-09-15 03:00:00,93,42.8,8.05,90
marzuq,ly,14.25,32.99,2017-09-15 03:35:41,82,74.57,13.67,8
sur,om,22.57,59.53,2017-09-15 03:35:41,86,85.37,12.77,8
harlingen,nl,26.19,-97.7,2017-09-15 03:15:00,78,82.4,9.17,1
sentyabrskiy,ru,60.75,72.86,2017-09-15 03:35:42,96,45.32,9.31,92
coihaique,cl,-45.58,-72.07,2017-09-15 03:00:00,80,39.2,4.7,75
huangchuan,cn,32.13,115.04,2017-09-15 03:35:43,78,77.9,8.63,0
oranjestad,aw,12.52,-70.03,2017-09-15 03:00:00,79,86,5.82,20
sinnamary,gf,5.38,-52.95,2017-09-15 03:35:43,95,80.69,8.97,24
lasa,cn,46.62,10.7,2017-09-15 02:55:00,82,35.6,5.82,0
sao joao da barra,br,-21.64,-41.05,2017-09-15 03:35:43,98,72.77,28.43,0
broome,au,-17.97,122.23,2017-09-15 03:00:00,26,95,13.87,0
genhe,cn,50.78,121.52,2017-09-15 03:35:44,75,59.81,6.17,0
korla,cn,41.76,86.15,2017-09-15 03:35:44,41,69.35,4.83,12
fayaoue,nc,-20.65,166.53,2017-09-15 03:35:44,99,75.47,5.06,12
nueva concepcion,gt,14.2,-91.3,2017-09-15 03:35:44,88,72.05,1.7,44
catarroja,es,39.4,-0.4,2017-09-15 03:00:00,46,73.4,3.36,75
vila do maio,cv,15.13,-23.22,2017-09-15 03:00:00,83,78.8,11.41,20
miri,my,4.41,114.01,2017-09-15 03:00:00,59,91.4,4.7,40
esperance,au,-33.87,121.9,2017-09-15 03:35:45,60,64.49,10.76,92
norman wells,ca,65.28,-126.83,2017-09-15 03:00:00,58,59,4.7,75
mount isa,au,-20.73,139.5,2017-09-15 03:00:00,8,80.6,11.41,0
pacific grove,us,36.62,-121.92,2017-09-15 03:01:00,77,64.4,4.7,90
norsup,vu,-16.07,167.38,2017-09-15 03:35:46,88,79.52,7.29,92
urumqi,cn,43.8,87.6,2017-09-15 03:00:00,41,60.8,3.94,0
bertoua,cm,4.58,13.68,2017-09-15 03:35:46,95,67.46,4.61,92
celestun,mx,20.87,-90.4,2017-09-15 03:35:46,100,82.85,15.9,80
warqla,dz,29.05,81.3,2017-09-15 03:35:47,75,79.43,2.59,36
orcopampa,pe,-15.27,-72.34,2017-09-15 03:35:47,72,35.69,2.48,88
tura,ru,25.52,90.22,2017-09-15 03:35:47,89,83.93,3.38,0
kahului,us,20.89,-156.47,2017-09-15 02:56:00,58,87.8,9.17,40
qaanaaq,gl,77.48,-69.36,2017-09-15 03:35:48,100,19.67,4.38,0
nizwa,om,22.93,57.53,2017-09-15 03:35:48,53,69.17,2.59,0
clyde river,ca,70.47,-68.59,2017-09-15 03:00:00,86,30.2,25.28,90
alice springs,au,-23.7,133.88,2017-09-15 03:00:00,12,71.6,13.87,0
ambon,id,-3.7,128.18,2017-09-15 02:30:00,88,78.8,5.82,75
ust-ilimsk,ru,58,102.66,2017-09-15 03:35:48,78,42.26,7.63,64
namatanai,pg,-3.67,152.43,2017-09-15 03:35:49,100,82.94,4.16,48
ina,jp,35.83,137.95,2017-09-15 03:00:00,43,71.6,12.75,75
umm durman,sd,31.33,37.34,2017-09-15 03:00:00,61,77,18.34,0
adrar,dz,27.87,-0.29,2017-09-15 03:00:00,11,80.6,12.75,0
hirara,jp,24.8,125.28,2017-09-15 03:00:00,70,87.8,20.8,75
leshukonskoye,ru,64.9,45.76,2017-09-15 03:36:19,93,50.18,5.61,92
tautira,pf,-17.73,-149.15,2017-09-15 02:30:00,58,82.4,5.82,20
lompoc,us,34.64,-120.46,2017-09-15 02:58:00,82,64.4,10.29,90
pleven,bg,43.42,24.62,2017-09-15 03:36:20,81,56.66,2.26,0
durango,us,24.03,-104.67,2017-09-15 02:44:00,52,69.8,6.62,5
kloulklubed,pw,7.04,134.26,2017-09-15 02:52:00,66,87.8,4.7,90
galgani,sd,44.48,2.23,2017-09-15 03:00:00,93,39.2,5.82,0
jomalig,ph,14.71,122.37,2017-09-15 03:36:21,100,84.38,9.86,76
palmer,us,42.16,-72.33,2017-09-15 03:13:00,94,71.6,5.82,40
kerteh,my,4.51,103.45,2017-09-15 03:00:00,74,86,8.05,75
lewistown,us,40.6,-77.57,2017-09-15 03:15:00,93,64.4,2.48,90
brooks,ca,50.58,-111.89,2017-09-15 03:36:24,61,47.21,6.62,68
moranbah,au,-22,148.05,2017-09-15 03:36:25,17,75.74,12.66,0
san juan,us,-31.54,-68.54,2017-09-15 03:33:07,30,56.57,10.76,92
namibe,ao,-15.2,12.15,2017-09-15 03:36:25,100,64.31,7.52,56
sitka,us,57.05,-135.33,2017-09-15 02:56:00,71,55.4,8.05,90
teseney,er,15.11,36.66,2017-09-15 03:36:26,87,71.42,8.86,32
nome,us,64.5,-165.41,2017-09-15 02:53:00,75,44.6,6.93,75
zhangye,cn,38.93,100.45,2017-09-15 03:36:26,65,66.92,4.5,64
amboasary,mg,-25.03,46.38,2017-09-15 03:00:00,73,71.6,21.92,40
chapais,ca,49.78,-74.85,2017-09-15 03:00:00,75,46.4,3.27,90
jalu,ly,29.03,21.55,2017-09-15 03:36:26,45,71.15,9.53,0
san cristobal,ec,7.77,-72.22,2017-09-15 03:00:00,54,84.2,11.41,40
beloha,mg,-25.17,45.05,2017-09-15 03:36:27,95,68.81,5.39,92
sola,vu,-13.88,167.55,2017-09-15 03:36:27,93,81.59,13.67,80
laguna,br,38.42,-121.42,2017-09-15 03:00:00,52,71.6,8.05,1
mombetsu,jp,44.35,143.35,2017-09-15 03:00:00,72,60.8,6.93,75
araouane,ml,18.9,-3.53,2017-09-15 03:36:28,30,77.72,3.6,0
klaksvik,fo,62.23,-6.59,2017-09-15 03:20:00,87,46.4,23.04,92
qaqortoq,gl,60.72,-46.03,2017-09-15 02:50:00,93,51.8,2.24,92
van,tr,38.49,43.38,2017-09-15 02:50:00,54,53.6,3.36,0
zaragoza,es,41.66,-0.88,2017-09-15 03:00:00,62,59,21.92,75
vanimo,pg,-2.67,141.3,2017-09-15 03:36:29,100,75.38,3.15,92
rio grande,br,-32.03,-52.1,2017-09-15 03:36:29,100,58.91,7.85,88
nanortalik,gl,60.14,-45.24,2017-09-15 03:36:29,89,41.27,20.94,92
princeton,ca,25.54,-80.41,2017-09-15 02:58:00,100,82.4,4.61,1
mahina,pf,-17.51,-149.49,2017-09-15 02:30:00,58,82.4,5.82,20
santa cruz,cr,14.28,121.42,2017-09-15 03:00:00,79,87.8,9.17,40
port blair,in,11.67,92.75,2017-09-15 03:36:30,100,80.96,15.35,92
san javier,bo,37.81,-0.84,2017-09-15 03:30:00,88,75.2,9.17,20
haradok,by,55.46,29.98,2017-09-15 03:36:31,100,54.77,7.4,92
opuwo,na,-18.06,13.84,2017-09-15 03:36:31,89,51.71,4.16,0
tindivanam,in,12.25,79.65,2017-09-15 03:36:31,100,80.69,8.63,80
attawapiskat,ca,52.3,-81.62,2017-09-15 03:36:32,79,46.67,3.15,44
yatou,cn,37.15,122.38,2017-09-15 03:36:32,76,76.46,13.33,32
ponta delgada,pt,37.73,-25.67,2017-09-15 03:00:00,73,73.4,11.41,75
tselinnoye,ru,53.08,85.67,2017-09-15 03:36:32,85,52.34,6.73,48
tilichiki,ru,60.47,166.1,2017-09-15 03:36:33,72,41.63,4.16,68
bargal,so,37,43.25,2017-09-15 03:37:03,29,64.67,3.49,0
danshui,cn,22.8,114.47,2017-09-15 03:37:03,85,85.64,6.4,56
lysyanka,ua,49.25,30.83,2017-09-15 03:37:03,83,58.64,14.12,0
hays,us,38.88,-99.33,2017-09-15 02:56:00,42,84.2,16.11,1
bilma,ne,18.69,12.92,2017-09-15 03:37:04,23,79.25,2.71,20
telde,es,27.99,-15.42,2017-09-15 03:30:00,57,78.8,21.92,0
vilhena,br,-12.74,-60.15,2017-09-15 03:37:05,81,73.4,2.04,0
kodiak,us,57.79,-152.41,2017-09-15 02:53:00,71,55.4,11.41,40
mehamn,no,71.04,27.85,2017-09-15 02:50:00,81,42.8,18.34,90
cumaribo,co,5,-69.5,2017-09-15 03:37:05,87,77.72,6.29,32
roma,au,41.89,12.48,2017-09-15 02:55:00,88,69.8,4.7,40
ugoofaaru,mv,5.67,73,2017-09-15 03:37:05,100,81.14,13.78,32
ust-kamchatsk,ru,56.23,162.48,2017-09-15 03:37:06,69,49.19,9.75,56
sevnica,si,46.01,15.32,2017-09-15 03:30:00,93,51.8,4.7,75
grand gaube,mu,-20.01,57.66,2017-09-15 03:00:00,64,69.8,5.82,75
iguaba grande,br,-22.84,-42.23,2017-09-15 03:37:07,87,71.15,23.06,0
ndende,ga,-2.4,11.36,2017-09-15 03:37:07,99,68.81,2.93,88
kabare,cd,-2.47,28.82,2017-09-15 03:32:10,100,55.94,5.06,44
gobabis,na,-22.45,18.97,2017-09-15 03:00:00,15,73.4,8.05,0
kavieng,pg,-2.57,150.8,2017-09-15 03:37:07,100,84.38,7.07,0
teya,ru,60.38,92.63,2017-09-15 03:37:08,97,36.23,5.39,92
jishou,cn,28.32,109.72,2017-09-15 03:37:08,87,76.73,5.61,8
leiyang,cn,26.4,112.86,2017-09-15 03:37:08,92,77.54,6.51,0
hofn,is,64.25,-15.21,2017-09-15 03:32:27,100,46.22,1.92,12
mongu,zm,-15.25,23.13,2017-09-15 03:37:09,43,60.62,7.52,0
alyangula,au,-13.85,136.42,2017-09-15 03:37:09,79,82.94,23.73,0
samusu,ws,41.43,128.03,2017-09-15 03:37:09,57,61.97,2.48,0
general roca,ar,-39.03,-67.58,2017-09-15 03:00:00,51,48.2,6.93,0
mocambique,mz,-25.97,32.59,2017-09-15 03:00:00,77,69.8,2.24,75
ixtapa,mx,20.7,-105.2,2017-09-15 02:59:00,100,78.8,9.17,75
mar del plata,ar,-38,-57.56,2017-09-15 03:00:00,87,46.4,3.36,0
neuquen,ar,-38.95,-68.06,2017-09-15 03:00:00,51,48.2,6.93,0
garissa,ke,-0.45,39.64,2017-09-15 03:37:10,86,71.24,9.31,0
boundiali,ci,9.52,-6.49,2017-09-15 03:37:10,80,73.67,3.71,0
kaura namoda,ng,12.59,6.58,2017-09-15 03:37:10,81,75.56,10.09,64
flers,fr,48.74,-0.57,2017-09-15 03:00:00,93,46.4,5.82,20
coxim,br,-18.51,-54.76,2017-09-15 03:37:11,66,69.35,2.71,0
acapulco,mx,16.86,-99.89,2017-09-15 02:41:00,88,78.8,8.05,90
yumen,cn,40.28,97.2,2017-09-15 03:37:11,41,63.23,9.19,48
banda aceh,id,5.56,95.32,2017-09-15 03:37:11,90,80.24,5.17,36
ustupo,pa,9.13,-77.93,2017-09-15 03:37:12,93,77.18,2.37,56
grande prairie,ca,55.17,-118.8,2017-09-15 03:00:00,76,48.2,4.7,75
liusha,cn,23.27,116.17,2017-09-15 03:00:00,62,89.6,4.47,0
phuthaditjhaba,za,-28.52,28.82,2017-09-15 03:37:13,47,35.06,2.15,0
codrington,ag,-38.27,141.97,2017-09-15 03:37:13,98,55.49,21.27,92
orica,hn,14.7,-86.95,2017-09-15 03:37:13,92,67.73,1.59,8
dingle,ie,11,122.67,2017-09-15 03:37:13,97,82.67,3.6,48
marsh harbour,bs,26.54,-77.06,2017-09-15 03:35:15,100,83.39,12.55,80
olafsvik,is,64.89,-23.71,2017-09-15 03:37:13,100,48.47,10.42,12
zemio,cf,5.03,25.14,2017-09-15 03:37:14,97,68.45,2.59,88
armacao dos buzios,br,-22.75,-41.88,2017-09-15 02:00:00,83,69.8,17.22,0
mandalgovi,mn,45.76,106.27,2017-09-15 03:37:44,54,64.76,15.23,8
saint anthony,ca,45.02,-93.22,2017-09-15 03:15:00,60,78.8,4.7,1
talaya,ru,61.38,152.75,2017-09-15 03:37:44,43,43.52,3.83,44
mineiros,br,-17.57,-52.55,2017-09-15 03:37:45,60,66.47,3.6,0
halalo,wf,28.38,82.17,2017-09-15 03:37:45,71,78.62,2.37,0
annau,tm,37.89,58.52,2017-09-15 03:00:00,54,66.2,2.24,0
lazaro cardenas,mx,17.96,-102.2,2017-09-15 03:37:45,100,74.93,3.6,88
luziania,br,-16.25,-47.95,2017-09-15 03:00:00,40,69.8,5.82,0
nhulunbuy,au,-12.23,136.77,2017-09-15 03:00:00,48,86,17.22,0
zlotow,pl,53.36,17.04,2017-09-15 03:37:46,90,49.1,15.79,88
sistranda,no,63.73,8.83,2017-09-15 02:50:00,93,51.8,8.05,40
dien bien,vn,21.38,103.02,2017-09-15 03:33:07,89,74.93,2.26,32
cap malheureux,mu,-19.98,57.61,2017-09-15 03:00:00,64,69.8,5.82,75
cancun,mx,21.17,-86.85,2017-09-15 02:41:00,94,80.6,2.24,75
matara,lk,5.95,80.54,2017-09-15 03:33:21,98,79.16,11.21,92
sisimiut,gl,66.94,-53.67,2017-09-15 03:37:47,99,39.11,2.15,88
kruisfontein,za,-34,24.73,2017-09-15 03:37:47,96,55.31,10.2,8
sukumo,jp,32.93,132.73,2017-09-15 03:37:48,85,74.39,7.63,92
mahasamund,in,21.1,82.1,2017-09-15 03:37:48,96,79.07,4.61,48
arbuzynka,ua,47.91,31.32,2017-09-15 03:37:48,94,57.65,8.86,0
atambua,id,-9.11,124.89,2017-09-15 03:37:48,70,87.17,7.07,0
san patricio,mx,19.22,-104.7,2017-09-15 03:37:48,100,75.56,2.82,92
chumikan,ru,54.72,135.31,2017-09-15 03:37:48,67,62.87,10.65,0
roswell,us,34.02,-84.36,2017-09-15 02:56:00,93,69.8,2.37,1
jiuquan,cn,25.97,108.4,2017-09-15 03:37:49,74,75.47,6.62,20
alexandria,eg,31.22,29.96,2017-09-15 02:00:00,65,77,13.87,40
coari,br,-4.08,-63.14,2017-09-15 03:37:49,84,79.52,2.71,0
baculin,ph,7.45,126.58,2017-09-15 03:37:49,96,82.04,4.16,68
beyneu,kz,45.32,55.2,2017-09-15 03:37:50,43,62.33,9.64,0
launceston,au,-41.45,147.17,2017-09-15 03:00:00,58,55.4,20.8,75
novo aripuana,br,-5.12,-60.38,2017-09-15 03:37:50,88,77.18,1.14,0
tessalit,ml,20.2,1.01,2017-09-15 03:37:50,25,70.88,2.93,0
kaitangata,nz,-46.23,169.75,2017-09-15 03:37:51,83,55.13,19.04,12
takoradi,gh,4.88,-1.76,2017-09-15 03:34:35,100,75.47,10.42,88
cayenne,gf,4.93,-52.33,2017-09-15 03:00:00,100,75.2,5.06,90
yulara,au,-25.24,130.99,2017-09-15 03:00:00,8,75.2,10.29,20
mitsamiouli,km,-11.38,43.28,2017-09-15 02:00:00,94,71.6,5.82,20
nguiu,au,6.5,23.27,2017-09-15 03:37:53,97,69.44,4.83,88
yanam,in,16.73,82.22,2017-09-15 03:37:53,88,85.64,7.18,88
aberdeen,us,57.14,-2.1,2017-09-15 03:20:00,87,50,17.22,75
barbar,sd,26.22,50.52,2017-09-15 03:30:00,75,91.4,3.36,5
broken hill,au,-31.95,141.43,2017-09-15 03:37:54,51,65.57,10.98,0
tiksi,ru,71.69,128.87,2017-09-15 03:37:54,100,34.52,9.31,56
dali,cn,25.7,100.18,2017-09-15 03:37:54,100,63.95,2.15,64
buala,sb,-8.14,159.59,2017-09-15 03:37:54,79,85.55,9.64,92
porto novo,cv,17.02,-25.06,2017-09-15 03:00:00,69,80.6,12.75,20
katsuura,jp,35.13,140.3,2017-09-15 03:00:00,61,77,8.05,75
tarudant,ma,32.77,-97.3,2017-09-15 03:15:00,51,86,12.75,1
ngunguru,nz,-35.62,174.5,2017-09-15 03:37:55,93,61.07,23.51,88
kysyl-syr,ru,63.9,122.76,2017-09-15 03:38:25,81,50.36,3.94,32
tabiauea,ki,8.15,123.84,2017-09-15 03:38:25,77,85.82,3.15,36
jacareacanga,br,-6.22,-57.75,2017-09-15 03:38:25,84,78.89,2.04,0
vardo,no,70.37,31.11,2017-09-15 02:50:00,93,42.8,28.86,75
jesus carranza,mx,17.43,-95.03,2017-09-15 03:38:26,84,78.26,7.63,20
pontes e lacerda,br,-15.23,-59.34,2017-09-15 03:38:26,75,72.77,2.48,0
kegayli,uz,7.25,80.52,2017-09-15 03:38:26,97,73.31,5.73,92
berdigestyakh,ru,62.1,126.7,2017-09-15 03:38:26,85,49.55,3.71,64
nioro,ml,13.35,-15.75,2017-09-15 03:38:27,95,75.29,7.18,0
hasaki,jp,35.73,140.83,2017-09-15 03:00:00,50,77,5.82,75
contamana,pe,-7.33,-75.02,2017-09-15 03:38:27,94,76.73,0.69,36
lodja,cd,-3.48,23.43,2017-09-15 03:38:27,95,69.17,3.38,68
dongsheng,cn,39.82,109.98,2017-09-15 03:38:28,76,64.94,8.19,64
meyungs,pw,7.34,134.47,2017-09-15 02:52:00,66,87.8,4.7,90
uddevalla,se,58.35,11.94,2017-09-15 03:20:00,100,50,4.7,64
carballo,es,43.21,-8.69,2017-09-15 03:30:00,93,51.8,2.24,20
tumannyy,ru,69.16,35.15,2017-09-15 03:38:28,100,41.09,16.69,92
monte alegre,br,-2.01,-54.07,2017-09-15 03:38:28,67,81.68,4.5,0
mogadishu,so,2.04,45.34,2017-09-15 03:37:15,100,77.99,16.69,88
srednekolymsk,ru,67.45,153.68,2017-09-15 03:38:29,73,35.78,4.61,80
swan hill,au,-35.34,143.55,2017-09-15 03:38:29,82,61.61,15.23,36
padang,id,-0.95,100.35,2017-09-15 03:38:29,100,77.27,3.38,92
wattegama,lk,6.8,81.48,2017-09-15 03:38:29,81,79.79,9.75,92
faro,pt,37.02,-7.93,2017-09-15 03:00:00,42,66.2,10.29,0
daru,pg,-9.08,143.21,2017-09-15 03:38:29,100,75.47,15.12,92
suntar,ru,62.14,117.63,2017-09-15 03:38:30,64,51.17,7.52,20
aklavik,ca,68.22,-135.01,2017-09-15 03:00:00,71,53.6,8.05,75
manthani,in,18.65,79.67,2017-09-15 03:38:30,96,77.45,5.95,88
astipalaia,gr,36.55,26.35,2017-09-15 03:38:30,96,76.64,20.83,0
rosetta,eg,31.4,30.42,2017-09-15 02:00:00,65,77,13.87,40
kota belud,my,6.35,116.43,2017-09-15 03:00:00,70,89.6,4.7,75
vao,nc,-22.67,167.48,2017-09-15 03:38:31,93,74.03,8.97,76
coquimbo,cl,-29.95,-71.34,2017-09-15 03:00:00,87,50,8.86,0
ayorou,ne,14.73,0.92,2017-09-15 03:38:31,61,74.66,3.6,0
benghazi,ly,32.12,20.07,2017-09-15 03:38:27,100,78.53,6.96,0
tarabuco,bo,-19.17,-64.92,2017-09-15 03:38:32,93,50.9,2.26,92
tateyama,jp,34.98,139.87,2017-09-15 03:00:00,57,77,12.75,75
labuhan,id,-6.88,112.21,2017-09-15 03:38:32,100,80.42,6.4,0
egvekinot,ru,66.32,-179.17,2017-09-15 03:38:32,69,35.96,3.27,68
alta floresta,br,-9.88,-56.09,2017-09-15 03:38:32,67,79.61,2.26,0
kosa,ru,59.94,55,2017-09-15 03:38:32,100,53.69,14,92
keetmanshoop,na,-26.58,18.13,2017-09-15 03:00:00,22,68,4.7,0
chegdomyn,ru,51.12,133.02,2017-09-15 03:38:33,80,55.31,3.49,88
basoko,cd,1.24,23.62,2017-09-15 03:38:33,96,71.15,2.71,56
nichinan,jp,31.6,131.37,2017-09-15 03:00:00,94,73.4,24.16,75
salinas,ec,36.68,-121.66,2017-09-15 03:01:00,77,64.4,10.29,75
pangai,to,-19.8,-174.35,2017-09-15 03:00:00,73,75.2,13.87,40
porto santo,pt,33.07,-16.34,2017-09-15 03:00:00,73,71.6,11.41,75
chicama,pe,-7.84,-79.15,2017-09-15 03:00:00,87,60.8,13.87,90
davidson,ca,35.5,-80.84,2017-09-15 03:20:00,88,69.8,1.81,40
pevek,ru,69.7,170.31,2017-09-15 03:39:04,100,36.68,21.72,88
port augusta,au,-32.5,137.77,2017-09-15 03:00:00,59,62.6,11.41,20
bairiki,ki,55.54,28.64,2017-09-15 03:39:05,99,52.16,12.44,80
mantua,cu,22.29,-84.28,2017-09-15 03:39:05,85,78.71,4.72,0
kanigoro,id,-8.13,112.22,2017-09-15 03:39:05,81,79.07,9.98,0
elk plain,us,47.05,-122.4,2017-09-15 03:35:00,55,69.8,3.6,1
fairbanks,us,64.84,-147.72,2017-09-15 03:01:00,44,59,3.36,75
eskisehir,tr,39.78,30.52,2017-09-15 02:50:00,87,57.2,5.82,0
teknaf,bd,20.86,92.31,2017-09-15 03:39:06,89,83.21,2.93,8
montgomery,us,30.67,73.1,2017-09-15 03:39:07,90,75.47,4.38,36
nsanje,mw,-16.92,35.26,2017-09-15 03:39:07,65,66.47,5.61,0
bang saphan,th,11.21,99.51,2017-09-15 03:00:00,74,86,6.93,40
camacha,pt,33.08,-16.33,2017-09-15 03:00:00,73,71.6,11.41,75
nambucca heads,au,-30.65,153,2017-09-15 03:00:00,34,68,12.75,0
taltal,cl,-25.4,-70.48,2017-09-15 03:39:08,78,41.9,1.92,0
hounde,bf,11.5,-3.52,2017-09-15 03:39:09,82,74.21,2.71,0
play cu,vn,23.13,-82.38,2017-09-15 02:55:00,94,78.8,3.36,20
otawara,jp,36.87,140.03,2017-09-15 03:00:00,46,71.6,10.29,40
college,us,64.86,-147.8,2017-09-15 03:01:00,44,59,3.36,75
riberalta,bo,-10.98,-66.1,2017-09-15 03:39:09,89,76.37,1.48,0
kulhudhuffushi,mv,6.62,73.07,2017-09-15 03:39:10,100,79.34,16.02,64
baghdad,iq,33.34,44.4,2017-09-15 03:00:00,33,73.4,10.29,0
sangar,ru,63.92,127.47,2017-09-15 03:39:10,82,46.76,2.48,44
beringovskiy,ru,63.05,179.32,2017-09-15 03:39:10,100,39.74,11.43,88
yebaishou,cn,41.4,119.64,2017-09-15 03:39:11,71,71.69,8.63,48
leh,in,34.17,77.58,2017-09-15 03:39:11,79,29.03,1.59,24
bairnsdale,au,-37.83,147.62,2017-09-15 03:39:11,64,61.43,12.55,20
nishihara,jp,26.18,127.76,2017-09-15 03:00:00,70,86,20.8,75
kenai,us,60.55,-151.26,2017-09-15 02:56:00,81,53.6,8.05,90
kaifeng,cn,34.79,114.35,2017-09-15 03:00:00,57,78.8,2.24,12
akyab,mm,61.17,23.87,2017-09-15 03:20:00,93,51.8,6.93,90
ondorhaan,mn,47.32,110.66,2017-09-15 03:39:12,70,66.38,4.61,24
qasigiannguit,gl,68.82,-51.19,2017-09-15 02:50:00,93,37.4,6.51,80
tabuk,sa,17.42,121.44,2017-09-15 03:39:13,80,80.87,1.25,48
muzhi,ru,65.37,64.67,2017-09-15 03:39:13,84,34.43,15.12,92
kalmunai,lk,7.42,81.82,2017-09-15 03:39:13,90,77.81,4.16,92
tirumullaivasal,in,11.23,79.83,2017-09-15 03:39:13,88,82.49,12.1,20
doha,kw,25.29,51.53,2017-09-15 03:00:00,84,89.6,3.36,0
piacabucu,br,-10.41,-36.43,2017-09-15 03:39:14,84,73.67,12.66,100
dabat,et,12.98,37.77,2017-09-15 03:39:14,97,58.55,1.14,64
tamworth,au,52.63,-1.7,2017-09-15 03:20:00,87,48.2,5.82,0
port moresby,pg,-9.44,147.18,2017-09-15 03:00:00,66,86,6.93,75
mentok,id,41.7,-81.36,2017-09-15 03:19:00,100,64.4,2.37,1
artyk,ru,57.71,52.5,2017-09-15 03:39:15,78,54.68,11.54,48
umzimvubu,za,-30.55,29.42,2017-09-15 03:39:16,94,50.81,2.59,76
zhigansk,ru,66.77,123.37,2017-09-15 03:39:16,72,46.49,2.59,0
paragominas,br,-2.97,-47.48,2017-09-15 03:39:16,96,73.04,4.16,20
lahaina,us,20.88,-156.68,2017-09-15 02:56:00,43,87.8,14.99,20
cockburn harbour,tc,21.73,-71.58,2017-09-15 03:39:17,100,82.31,9.19,12
pisco,pe,-13.7,-76.22,2017-09-15 03:00:00,82,60.8,13.87,90
sorvag,fo,60.15,24.76,2017-09-15 03:20:00,87,53.6,9.17,75
sabha,ly,27.04,14.43,2017-09-15 03:39:48,44,69.71,8.08,0
valer,no,60.68,11.83,2017-09-15 03:39:48,85,45.68,3.38,44
dukat,ru,62.55,155.55,2017-09-15 03:39:48,54,32.54,6.51,48
zhangjiakou,cn,40.81,114.88,2017-09-15 03:39:48,57,71.15,5.39,32
souillac,mu,-20.52,57.52,2017-09-15 03:00:00,64,69.8,5.82,75
yashkul,ru,46.17,45.34,2017-09-15 03:39:49,69,62.33,7.4,0
veraval,in,20.9,70.37,2017-09-15 03:39:49,93,80.42,9.31,80
kimbe,pg,-5.55,150.14,2017-09-15 03:39:49,94,83.93,8.52,36
gurupa,br,-1.41,-51.64,2017-09-15 03:39:50,91,77.54,6.62,20
bauchi,ng,10.31,9.84,2017-09-15 03:39:50,94,66.83,3.71,0
igurusi,tz,-8.85,33.85,2017-09-15 03:39:50,81,45.14,2.71,0
port hardy,ca,50.7,-127.42,2017-09-15 03:00:00,71,53.6,2.24,5
nizhneyansk,ru,55.64,51.82,2017-09-15 03:00:00,82,57.2,15.66,0
sindand,af,33.3,61.95,2017-09-15 03:39:51,29,62.33,21.05,0
marv dasht,ir,29.6,52.54,2017-09-15 03:00:00,63,66.2,2.04,40
iskateley,ru,67.68,53.15,2017-09-15 03:39:51,91,38.21,22.95,80
ibra,om,22.69,58.53,2017-09-15 03:39:51,73,69.26,1.81,0
guanica,us,17.97,-66.91,2017-09-15 02:50:00,100,75.2,5.82,75
athens,us,37.98,23.72,2017-09-15 02:50:00,64,68,4.72,0
santiago del estero,ar,-27.8,-64.26,2017-09-15 03:39:52,57,62.33,10.76,0
huntsville,us,34.73,-86.59,2017-09-15 03:15:00,93,69.8,2.93,1
pinawa,ca,50.15,-95.88,2017-09-15 03:39:52,67,59.18,11.77,88
emba,kz,34.81,32.42,2017-09-15 03:30:00,82,75.2,8.05,20
padong,ph,18.05,120.76,2017-09-15 03:00:00,70,87.8,11.41,75
kamaishi,jp,39.27,141.88,2017-09-15 03:00:00,49,71.6,16.11,75
taoudenni,ml,22.68,-3.98,2017-09-15 03:39:53,12,86.54,13.11,0
te anau,nz,-45.42,167.72,2017-09-15 03:39:53,84,49.19,8.19,48
encruzilhada do sul,br,-30.54,-52.52,2017-09-15 03:39:53,97,57.83,6.62,92
tukrah,ly,32.53,20.58,2017-09-15 03:39:53,100,70.34,4.72,0
pleasanton,us,37.66,-121.87,2017-09-15 02:58:00,72,68,12.75,1
cuza voda,ro,44.27,27.27,2017-09-15 03:39:54,80,55.49,2.71,0
iglino,ru,54.83,56.41,2017-09-15 03:00:00,76,57.2,8.95,0
alta,no,69.97,23.27,2017-09-15 03:20:00,81,42.8,14.99,92
jurm,af,36.86,70.83,2017-09-15 03:39:54,78,39.11,0.81,24
colares,pt,38.8,-9.45,2017-09-15 03:00:00,72,60.8,16.11,0
yeppoon,au,-23.13,150.73,2017-09-15 03:00:00,8,77,6.93,0
darnah,ly,32.77,22.64,2017-09-15 03:39:55,100,77.63,16.8,0
sala consilina,it,40.39,15.6,2017-09-15 03:39:55,100,48.92,1.36,20
stilfontein,za,-26.84,26.77,2017-09-15 03:39:55,26,53.51,11.65,0
amalapuram,in,16.58,82.02,2017-09-15 03:39:56,88,85.64,7.18,88
ubala,co,4.75,-72.54,2017-09-15 03:39:56,95,72.86,2.59,44
vallenar,cl,-28.57,-70.76,2017-09-15 03:39:56,66,40.19,2.37,0
linxia,cn,35.6,103.21,2017-09-15 03:39:56,79,57.29,3.38,68
tarko-sale,ru,64.92,77.78,2017-09-15 03:39:57,96,35.87,4.61,68
abha,sa,18.22,42.51,2017-09-15 03:00:00,31,64.4,1.81,0
koslan,ru,63.46,48.9,2017-09-15 03:39:57,97,52.07,5.28,92
valdivia,cl,-39.81,-73.25,2017-09-15 03:39:57,98,39.56,6.06,0
paraiso,mx,9.84,-83.87,2017-09-15 03:00:00,88,69.8,9.17,0
iracoubo,gf,5.48,-53.2,2017-09-15 03:39:58,79,79.61,5.17,8
severnyy,ru,50.68,36.55,2017-09-15 03:00:00,67,57.2,6.71,0
aras,no,42.56,-2.36,2017-09-15 03:30:00,87,50,3.36,40
aksu,cn,41.12,80.26,2017-09-15 03:40:29,67,58.64,5.28,76
ambulu,id,-8.4,113.59,2017-09-15 03:40:29,84,79.07,4.38,0
sheridan,us,44.8,-106.96,2017-09-15 03:06:00,87,51.8,12.75,90
inuvik,ca,68.35,-133.72,2017-09-15 03:00:00,71,53.6,8.05,75
kyra,ru,49.58,111.98,2017-09-15 03:40:30,81,58.01,3.27,64
cabedelo,br,-6.98,-34.83,2017-09-15 03:00:00,100,69.8,4.7,75
high level,ca,58.52,-117.14,2017-09-15 03:00:00,70,48.2,1.7,5
idanre,ng,7.11,5.12,2017-09-15 03:40:30,96,73.13,4.61,92
port lincoln,au,-34.73,135.87,2017-09-15 03:40:31,86,59.72,14.45,80
emerald,au,-23.53,148.17,2017-09-15 03:40:31,20,75.11,11.1,0
naftah,tn,59.44,24.75,2017-09-15 03:20:00,100,51.8,5.82,75
uthal,pk,25.81,66.62,2017-09-15 03:40:31,86,77.36,3.71,44
bria,cf,6.54,21.99,2017-09-15 03:40:31,97,70.34,5.73,80
tulln,at,48.33,16.06,2017-09-15 02:50:00,54,55.4,10.29,0
kingussie,gb,57.08,-4.05,2017-09-15 03:20:00,81,51.8,8.05,40
faya,td,-29.34,30.63,2017-09-15 03:40:32,96,55.94,2.71,88
rehoboth,na,-23.32,17.08,2017-09-15 03:40:33,68,56.66,2.82,76
tias,es,28.96,-13.65,2017-09-15 03:30:00,73,75.2,14.99,0
thoubal,in,24.63,94.02,2017-09-15 03:30:00,83,82.4,3.36,75
rolim de moura,br,-11.5,-61.47,2017-09-15 03:40:33,75,76.82,2.37,0
louisbourg,ca,48.9,9.19,2017-09-15 03:20:00,81,48.2,2.24,0
oussouye,sn,12.48,-16.55,2017-09-15 03:00:00,94,78.8,9.31,0
douglas,us,54.15,-4.48,2017-09-15 02:50:00,87,53.6,12.75,40
melnik,cz,50.35,14.47,2017-09-15 03:00:00,76,51.8,19.46,75
izhma,ru,65.01,53.91,2017-09-15 03:40:35,96,52.07,5.5,92
meadville,us,41.64,-80.15,2017-09-15 03:30:00,100,60.8,2.59,90
sayyan,ye,15.17,44.32,2017-09-15 03:40:36,52,53.33,3.15,0
omsukchan,ru,62.53,155.8,2017-09-15 03:40:36,56,33.17,6.06,68
palana,ru,59.12,159.97,2017-09-15 03:40:36,100,43.88,11.43,88
baykit,ru,61.67,96.37,2017-09-15 03:40:36,91,35.69,6.4,92
santander,es,43.46,-3.8,2017-09-15 03:30:00,87,55.4,5.82,75
dandong,cn,40.13,124.39,2017-09-15 03:40:37,69,72.77,7.74,44
san quintin,mx,30.48,-115.95,2017-09-15 03:39:03,84,63.77,10.2,12
meadow lake,ca,34.8,-106.54,2017-09-15 03:15:00,68,69.8,3.94,75
kutum,sd,14.2,24.67,2017-09-15 03:40:37,89,63.59,3.94,0
alpena,us,45.06,-83.43,2017-09-15 03:15:00,100,59,7.63,1
ndago,tz,-4.6,34.35,2017-09-15 03:40:38,64,63.32,8.52,0
galiwinku,au,-12.66,135.82,2017-09-15 03:40:38,35,92.03,21.5,8
karaul,ru,58.31,48.35,2017-09-15 03:40:38,84,53.33,10.2,0
bay roberts,ca,47.6,-53.26,2017-09-15 03:00:00,93,57.2,10.29,5
mbandaka,cd,0.05,18.26,2017-09-15 03:40:30,97,71.87,2.26,32
yaan,cn,24.99,121.3,2017-09-15 03:00:00,55,91.4,17.22,40
magadan,ru,59.57,150.8,2017-09-15 03:00:00,58,55.4,6.71,20
pulandian,cn,39.4,121.97,2017-09-15 03:00:00,69,77,13.42,20
anloga,gh,5.79,0.9,2017-09-15 03:00:00,94,77,10.29,40
ahipara,nz,-35.17,173.17,2017-09-15 03:40:40,84,61.43,22.73,92
kudahuvadhoo,mv,2.67,72.89,2017-09-15 03:40:40,100,81.41,9.98,20
jasper,ca,38.39,-86.93,2017-09-15 02:54:00,88,68,5.39,1
pimenta bueno,br,-11.67,-61.19,2017-09-15 03:39:33,75,76.82,2.37,0
wanaka,nz,-44.7,169.15,2017-09-15 03:41:10,55,54.5,5.39,24
banikoara,bj,11.3,2.44,2017-09-15 03:40:21,83,75.11,6.06,64
wazzan,ma,29.37,47.98,2017-09-15 03:00:00,21,78.8,8.05,0
ust-nera,ru,64.57,143.2,2017-09-15 03:41:11,60,40.01,2.59,0
los llanos de aridane,es,28.66,-17.92,2017-09-15 03:30:00,73,73.4,11.41,32
saleaula,ws,17.31,78.48,2017-09-15 03:00:00,94,77,3.36,75
nogliki,ru,51.83,143.17,2017-09-15 03:41:11,83,58.55,5.28,0
lubango,ao,-14.92,13.49,2017-09-15 03:41:11,95,57.02,0.92,0
okhotsk,ru,59.38,143.3,2017-09-15 03:41:12,97,53.42,4.94,88
asfi,ma,44.9,8.21,2017-09-15 02:50:00,61,50,4.7,0
solsvik,no,60.25,24.67,2017-09-15 03:20:00,87,53.6,9.17,75
macusani,pe,-14.08,-70.43,2017-09-15 03:41:12,93,46.4,1.14,76
soavinandriana,mg,-19.17,46.73,2017-09-15 03:41:12,75,43.25,2.71,0
lockport,us,41.59,-88.06,2017-09-15 03:15:00,82,71.6,4.7,1
jinan,cn,36.67,117,2017-09-15 03:41:13,60,81.41,4.16,68
bend,us,44.06,-121.32,2017-09-15 03:15:00,33,59,5.82,1
road town,vg,18.42,-64.62,2017-09-15 02:53:00,94,78.8,16.11,20
paamiut,gl,61.99,-49.67,2017-09-15 03:41:13,87,42.98,25.52,92
chardara,kz,41.08,25.7,2017-09-15 03:20:00,77,60.8,4.16,0
rosario oeste,br,-14.84,-56.43,2017-09-15 03:41:13,78,70.16,2.26,0
susangerd,ir,31.56,48.18,2017-09-15 03:00:00,88,80.6,4.7,0
uramita,co,6.9,-76.17,2017-09-15 03:41:14,95,65.84,1.7,56
noumea,nc,-22.28,166.46,2017-09-15 03:00:00,39,82.4,10.29,20
kapurthala,in,31.38,75.38,2017-09-15 03:00:00,83,78.8,5.82,20
north platte,us,41.12,-100.77,2017-09-15 02:53:00,56,73.4,11.41,1
camacari,br,-12.7,-38.32,2017-09-15 03:00:00,78,75.2,14.99,40
mixtequilla,mx,19.58,-88.05,2017-09-15 03:41:15,79,80.96,4.72,64
yilan,cn,24.76,121.75,2017-09-15 03:00:00,55,91.4,12.75,75
malwan,in,16.07,73.47,2017-09-15 03:41:15,100,81.14,2.59,92
newport,gb,51.59,-3,2017-09-15 03:20:00,100,48.2,8.05,75
puerto escondido,mx,15.85,-97.07,2017-09-15 03:41:16,100,84.47,9.86,88
tallahassee,us,30.44,-84.28,2017-09-15 03:15:00,100,75.2,3.94,1
birao,cf,10.28,22.79,2017-09-15 03:41:16,99,68.81,8.41,92
north bend,us,43.41,-124.22,2017-09-15 03:15:00,93,55.4,3.36,1
marovoay,mg,-16.1,46.63,2017-09-15 03:00:00,93,66.2,6.96,20
olinda,br,-8.01,-34.86,2017-09-15 03:00:00,73,77,13.87,75
bambanglipuro,id,-7.95,110.28,2017-09-15 03:41:17,60,84.47,4.16,0
kalakamati,bw,-20.62,27.45,2017-09-15 03:41:17,51,59.09,15.12,0
wewak,pg,-3.55,143.63,2017-09-15 03:41:18,86,81.41,2.71,48
poronaysk,ru,49.22,143.12,2017-09-15 03:41:18,100,56.57,6.62,0
deputatskiy,ru,69.3,139.9,2017-09-15 03:41:18,69,30.74,3.94,12
myitkyina,mm,25.38,97.4,2017-09-15 03:41:18,85,84.11,0.69,0
maneadero,mx,31.72,-116.57,2017-09-15 03:41:18,87,61.25,2.59,8
magistralnyy,ru,56.17,107.45,2017-09-15 03:41:19,51,49.19,3.6,20
onega,ru,63.91,38.14,2017-09-15 03:41:19,97,51.17,7.63,92
manokwari,id,-0.87,134.08,2017-09-15 03:41:19,100,82.76,4.16,76
nuuk,gl,64.18,-51.72,2017-09-15 02:50:00,93,48.2,28.86,92
polignano a mare,it,41,17.22,2017-09-15 03:20:00,82,62.6,5.82,0
boende,cd,-0.22,20.87,2017-09-15 03:41:20,98,71.24,2.37,32
cap-aux-meules,ca,47.38,-61.86,2017-09-15 03:41:50,100,58.91,13.22,36
marawi,sd,8,124.29,2017-09-15 03:41:50,58,85.82,1.92,0
robertsport,lr,6.75,-11.37,2017-09-15 03:41:50,100,77.81,9.64,92
kuching,my,1.55,110.33,2017-09-15 03:00:00,66,89.6,5.82,75
duz,tn,41.07,37.77,2017-09-15 03:41:51,87,52.52,1.7,0
novaya bryan,ru,51.72,108.27,2017-09-15 03:00:00,62,51.8,4.47,40
zabol,ir,31.03,61.5,2017-09-15 03:00:00,17,75.2,24.16,0
kattivakkam,in,13.22,80.32,2017-09-15 03:30:00,79,84.2,3.36,75
calawag,ph,10.67,119.57,2017-09-15 03:41:51,95,84.38,9.19,64
maridi,sd,4.92,29.47,2017-09-15 03:41:52,96,66.56,5.61,88
seydi,tm,39.48,62.91,2017-09-15 03:41:52,46,61.97,9.19,0
ankola,in,14.67,74.3,2017-09-15 03:41:52,100,77.09,0.81,100
chisindia,ro,46.28,22.1,2017-09-15 03:00:00,58,59,11.41,0
shiyan,cn,32.65,110.78,2017-09-15 03:41:53,68,73.76,2.93,0
brigham city,us,41.51,-112.02,2017-09-15 02:58:00,52,64.4,17.22,40
tombouctou,ml,16.77,-3.01,2017-09-15 03:41:53,41,77.27,2.82,0
gravelbourg,ca,49.88,-106.55,2017-09-15 03:41:53,76,47.21,6.85,88
nabire,id,-3.37,135.48,2017-09-15 03:41:53,95,72.05,1.14,92
nathdwara,in,24.93,73.82,2017-09-15 03:41:54,95,75.11,3.49,12
aswan,eg,24.09,32.91,2017-09-15 03:41:54,52,75.38,8.08,0
yar-sale,ru,66.83,70.83,2017-09-15 03:41:54,100,37.22,6.62,36
maryborough,au,-25.53,152.7,2017-09-15 03:41:55,24,72.59,2.93,0
coruripe,br,-10.13,-36.18,2017-09-15 03:41:55,100,76.19,19.71,88
mujiayingzi,cn,42.12,118.78,2017-09-15 03:41:55,67,69.17,9.53,24
bereda,so,51.59,4.78,2017-09-15 03:25:00,100,51.8,4.7,90
greymouth,nz,-42.47,171.2,2017-09-15 03:39:26,100,53.69,14,100
kurumkan,ru,54.3,110.3,2017-09-15 03:41:56,57,47.57,2.37,76
port keats,au,-14.25,129.55,2017-09-15 03:41:56,38,88.97,16.24,0
kaeo,nz,-35.1,173.78,2017-09-15 03:41:56,78,61.79,22.17,92
mus,tr,38.75,41.51,2017-09-15 02:50:00,53,50,4.7,0
mildura,au,-34.2,142.15,2017-09-15 03:41:56,72,63.05,12.77,20
oranjemund,na,-28.55,16.43,2017-09-15 03:41:57,92,56.93,21.39,0
goderich,sl,43.75,-81.72,2017-09-15 03:41:57,86,60.44,3.04,0
poya,nc,-21.35,165.15,2017-09-15 03:41:57,93,73.13,9.08,0
ondjiva,ao,-17.07,15.73,2017-09-15 03:41:57,71,58.19,6.73,0
christchurch,nz,-43.53,172.63,2017-09-15 03:00:00,38,73.4,16.11,76
macau,br,22.2,113.55,2017-09-15 03:30:00,79,89.6,8.05,20
antalaha,mg,-14.9,50.28,2017-09-15 03:41:58,91,67.64,1.14,24
portree,gb,57.41,-6.19,2017-09-15 03:41:58,100,52.34,20.94,92
igarka,ru,67.47,86.58,2017-09-15 03:41:58,100,36.68,5.28,92
moundou,td,8.57,16.08,2017-09-15 03:41:58,90,70.43,7.07,20
quixada,br,-4.97,-39.02,2017-09-15 03:41:58,49,80.33,10.42,48
pedernales,ec,18.04,-71.74,2017-09-15 03:38:11,100,81.68,2.71,32
solnechnyy,ru,50.72,136.63,2017-09-15 03:41:59,69,64.31,5.28,44
khandyga,ru,62.67,135.6,2017-09-15 03:41:59,80,49.91,3.49,8
massaguet,td,12.48,15.44,2017-09-15 03:41:59,74,77.63,9.98,68
qandala,so,11.47,49.87,2017-09-15 03:41:59,100,71.24,0.92,0
klishkivtsi,ua,48.43,26.26,2017-09-15 03:00:00,51,62.6,13.42,0
kindersley,ca,51.47,-109.17,2017-09-15 03:00:00,81,44.6,4.7,75
skalistyy,ru,61.04,30.13,2017-09-15 03:42:00,100,53.69,13.78,80
hvammstangi,is,65.33,-20,2017-09-15 03:42:30,85,28.94,2.37,48
xining,cn,36.62,101.77,2017-09-15 03:42:31,83,52.7,3.27,88
nara,ml,33.59,73.39,2017-09-15 03:00:00,69,73.4,4.7,8
kauhajoki,fi,62.43,22.18,2017-09-15 03:20:00,100,48.2,5.82,90
kvareli,ge,41.95,45.82,2017-09-15 03:42:31,83,54.86,2.59,0
storslett,no,69.77,21.02,2017-09-15 03:42:31,100,34.43,2.15,92
clifton springs,au,-38.15,144.57,2017-09-15 03:00:00,93,60.8,20.8,75
san carlos de bariloche,ar,-41.15,-71.31,2017-09-15 03:42:23,94,16.52,1.7,0
bonthe,sl,7.53,-12.51,2017-09-15 03:42:32,99,75.38,3.6,68
bantou,cn,48.63,-4,2017-09-15 03:30:00,100,50,4.7,20
ust-kut,ru,56.79,105.77,2017-09-15 03:42:32,66,44.06,5.17,76
dover,us,39.16,-75.52,2017-09-15 02:58:00,83,71.6,8.05,90
anaconda,us,46.13,-112.94,2017-09-15 02:53:00,93,39.2,9.17,90
kyabram,au,-36.32,145.05,2017-09-15 03:42:33,85,56.12,13.78,80
roebourne,au,-20.78,117.13,2017-09-15 03:42:33,10,98.33,11.43,0
oxford,us,51.75,-1.26,2017-09-15 03:20:00,100,48.2,11.41,12
zephyrhills,us,28.23,-82.18,2017-09-15 03:15:00,94,82.4,4.27,1
hovd,mn,48.01,91.64,2017-09-15 03:42:34,41,47.66,2.59,0
